{
  "accuracy": 0.9991051454,
  "precision": 0.999863866,
  "recall": 0.999705579,
  "f1": 0.99978471,
  "confusion_matrix": [
    [155740, 6],
    [13, 44081]
  ]
}
